Article B6,Article 86
Arficle,Article
Arfticle,Article
Articie,Article
ar1ic1e,Article
Articéle,Article
Artticle,Article
Artiole,Article
Articie,Article
Artière,Article
Articie,Article
Artièle,Article
Articie,Article
Artfcle,Article
Artiole,Article
Artfcle,Article
Artiole,Article
Articke,Article
Artticle,Article
Articie,Article
Arttcle,Article
Articie,Article
Articile,Article
Articic,Article
Articl ,Article
Artiole,Article
Artiole,Article
ArtIcle,Article
Articie,Article
rticle 167,Article 167
Article 1e ,Article 1er
Article Ter,Article 1er
Article ter,Article 1er
Article jer,Article 1er
Article 1°',Article 1er
Article 1°°,Article 1er
Article 81  La licence,Article 61  La licence
Article 1°,Article 1er
Article ler,Article 1er
Article îer,Article 1er
1FF,1er
1e',1er
1ë,1er
1er FEVRIER,1 février
fevrier,février
Fait à CCTONOU,Fait à Cotonou
Pait à COIONOU,Fait à Cotonou
'oi,loi
pertant,portant
.) î,
Colonou,Cotonou
K/àç(j ds sT,
tt SOUS-SECTION 2,
Etat,État
L'SSEMBLEE,L'ASSEMBLEE
L'ASSELT UU V'PICHALE,L'ASSEMBLÉE NATIONALE